plan,account,model_type,total_fault_count,rank
ADR,UNKNOWN,PC200-8M0,82,1
ADR,UNKNOWN,PC300-8M0,45,2
BDI,SEMESTA MANDIRI INDONESIA,HM400-3R,816,1
BDI,SEMESTA MANDIRI INDONESIA,HD785-7,248,2
BDI,SEMESTA MANDIRI INDONESIA,PC300-8M0,81,3
BDI,SEMESTA MANDIRI INDONESIA,PC2000-11R,72,4
BDI,SEMESTA MANDIRI INDONESIA,PC210-10M0,68,5
BDI,SEMESTA MANDIRI INDONESIA,D155A-6R,67,6
BDI,SEMESTA MANDIRI INDONESIA,HD785-8R,58,7
BDI,SEMESTA MANDIRI INDONESIA,PC1250-11R,57,8
BDI,SEMESTA MANDIRI INDONESIA,PC200-8M0,45,9
BDI,SEMESTA MANDIRI INDONESIA,PC400LC-8R,24,10
BDI,SEMESTA MANDIRI INDONESIA,PC3400-11M0,22,11
BDI,SEMESTA MANDIRI INDONESIA,GD825A-2,16,12
BDI,SEMESTA MANDIRI INDONESIA,PC850-8R1,16,12
BDI,SEMESTA MANDIRI INDONESIA,PC350LC-8M2,10,13
BDI,SEMESTA MANDIRI INDONESIA,WA800-3,8,14
BDI,SEMESTA MANDIRI INDONESIA,WA500-6R,4,15
BDI,SEMESTA MANDIRI INDONESIA,PC2000-8,2,16
BEK,GUNUNGMAS SUKSES MAKMUR,PC1250-11R,110,1
BEK,GUNUNGMAS SUKSES MAKMUR,PC300-8M0,102,2
BEK,GUNUNGMAS SUKSES MAKMUR,PC2000-11R,40,3
BEK,GUNUNGMAS SUKSES MAKMUR,PC350LC-8M2,38,4
BEK,GUNUNGMAS SUKSES MAKMUR,PC500LC-10R,35,5
BEK,GUNUNGMAS SUKSES MAKMUR,D155A-6R,22,6
BEK,GUNUNGMAS SUKSES MAKMUR,HM400-3R,12,7
BEK,GUNUNGMAS SUKSES MAKMUR,GD825A-2,8,8
BEK,GUNUNGMAS SUKSES MAKMUR,PC210-10M0,7,9
BEK,GUNUNGMAS SUKSES MAKMUR,PC400LC-8R,6,10
BEK,GUNUNGMAS SUKSES MAKMUR,GD705-5,4,11
BEK,GUNUNGMAS SUKSES MAKMUR,PC200-10M0,4,11
BEK,GUNUNGMAS SUKSES MAKMUR,PC850-8R1,4,11
BEK,GUNUNGMAS SUKSES MAKMUR,GD535-5,2,12
BEK,GUNUNGMAS SUKSES MAKMUR,PC200-8M1,2,12
BGL,NUSARAYA AGRO SAWIT,PC210-10M0,195,1
BGL,NUSARAYA AGRO SAWIT,PC200-8M0,166,2
BGL,NUSARAYA AGRO SAWIT,PC200-10M0,155,3
BGL,NUSARAYA AGRO SAWIT,PC1250-11R,148,4
BGL,NUSARAYA AGRO SAWIT,HM400-3R,146,5
BGL,NUSARAYA AGRO SAWIT,PC300-8M0,125,6
BGL,NUSARAYA AGRO SAWIT,PC2000-8,76,7
BGL,NUSARAYA AGRO SAWIT,HD785-7,59,8
BGL,NUSARAYA AGRO SAWIT,PC1250-8,55,9
BGL,NUSARAYA AGRO SAWIT,GD705-5,42,10
BGL,NUSARAYA AGRO SAWIT,WA150-6,42,10
BGL,NUSARAYA AGRO SAWIT,PC2000-11R,40,11
BGL,NUSARAYA AGRO SAWIT,PC400LC-8R,40,11
BGL,NUSARAYA AGRO SAWIT,WA150-5,30,12
BGL,NUSARAYA AGRO SAWIT,HD465-7,26,13
BGL,NUSARAYA AGRO SAWIT,D375A-6,20,14
BGL,NUSARAYA AGRO SAWIT,PC850-8R1,18,15
BGL,NUSARAYA AGRO SAWIT,GD535-5,10,16
BGL,NUSARAYA AGRO SAWIT,D155A-6R,8,17
BGL,NUSARAYA AGRO SAWIT,PC70-8,8,17
BGL,NUSARAYA AGRO SAWIT,PC300-8M2,4,18
BGL,NUSARAYA AGRO SAWIT,D31PX-22,2,19
BGL,NUSARAYA AGRO SAWIT,PC350LC-8M2,2,19
BGL,NUSARAYA AGRO SAWIT,PC500LC-10R,2,19
BHT,BELENGKONG MINERAL RESOURCES,PC300-8M0,586,1
BHT,BELENGKONG MINERAL RESOURCES,PC1250-11R,485,2
BHT,BELENGKONG MINERAL RESOURCES,HD785-7,277,3
BHT,BELENGKONG MINERAL RESOURCES,PC200-8M0,209,4
BHT,BELENGKONG MINERAL RESOURCES,PC210-10M0,139,5
BHT,BELENGKONG MINERAL RESOURCES,PC200-10M0,114,6
BHT,BELENGKONG MINERAL RESOURCES,GD705-5,69,7
BHT,BELENGKONG MINERAL RESOURCES,PC350LC-8M2,68,8
BHT,BELENGKONG MINERAL RESOURCES,WA500-6R,68,8
BHT,BELENGKONG MINERAL RESOURCES,PC400LC-8R,66,9
BHT,BELENGKONG MINERAL RESOURCES,HB365-1,64,10
BHT,BELENGKONG MINERAL RESOURCES,HM400-3R,64,10
BHT,BELENGKONG MINERAL RESOURCES,PC3400-11M0,42,11
BHT,BELENGKONG MINERAL RESOURCES,PC500LC-10R,40,12
BHT,BELENGKONG MINERAL RESOURCES,D155A-6R,26,13
BHT,BELENGKONG MINERAL RESOURCES,PC300-8M2,18,14
BHT,BELENGKONG MINERAL RESOURCES,PC200-8M1,15,15
BHT,BELENGKONG MINERAL RESOURCES,PC850-8R1,12,16
BHT,BELENGKONG MINERAL RESOURCES,GD535-5,10,17
BHT,BELENGKONG MINERAL RESOURCES,GD755-5R,10,17
BHT,BELENGKONG MINERAL RESOURCES,GD825A-2,8,18
BHT,BELENGKONG MINERAL RESOURCES,PC135F-10M0,8,18
BHT,BELENGKONG MINERAL RESOURCES,PC2000-11R,8,18
BHT,BELENGKONG MINERAL RESOURCES,PC130F-7,2,19
BIN,PAMAPERSADA NUSANTARA,HD785-7,439,1
BIN,PAMAPERSADA NUSANTARA,PC300-8M0,176,2
BIN,PAMAPERSADA NUSANTARA,PC2000-11R,102,3
BIN,PAMAPERSADA NUSANTARA,PC350LC-8M2,52,4
BIN,PAMAPERSADA NUSANTARA,PC1250-11R,26,5
BIN,PAMAPERSADA NUSANTARA,WA900-8R,24,6
BIN,PAMAPERSADA NUSANTARA,PC200-8M0,20,7
BIN,PAMAPERSADA NUSANTARA,PC2000-8,18,8
BIN,PAMAPERSADA NUSANTARA,PC400LC-8R,18,8
BIN,PAMAPERSADA NUSANTARA,PC210-10M0,16,9
BIN,PAMAPERSADA NUSANTARA,D375A-6,12,10
BIN,PAMAPERSADA NUSANTARA,D155A-6R,8,11
BIN,PAMAPERSADA NUSANTARA,PC200-10M0,4,12
BIN,PAMAPERSADA NUSANTARA,D375A-6R,2,13
BIN,PAMAPERSADA NUSANTARA,HM400-3R,2,13
BIU,BANDANG MINING COAL,PC300-8M0,136,1
BIU,BANDANG MINING COAL,HD785-8R,86,2
BIU,BANDANG MINING COAL,PC2000-11R,85,3
BIU,BANDANG MINING COAL,PC1250-11R,82,4
BIU,BANDANG MINING COAL,PC3400-11M0,36,5
BIU,BANDANG MINING COAL,PC200-8M0,31,6
BIU,BANDANG MINING COAL,HD785-7,14,7
BIU,BANDANG MINING COAL,PC210-10M0,14,7
BIU,BANDANG MINING COAL,D155A-6R,10,8
BIU,BANDANG MINING COAL,PC350LC-8M2,6,9
BJM,BORNEO LINTAS DUTA PERDANA,HD785-7,394,1
BJM,BORNEO LINTAS DUTA PERDANA,PC200-8M0,377,2
BJM,BORNEO LINTAS DUTA PERDANA,PC300-8M0,304,3
BJM,BORNEO LINTAS DUTA PERDANA,PC200-10M0,243,4
BJM,BORNEO LINTAS DUTA PERDANA,PC210-10M0,196,5
BJM,BORNEO LINTAS DUTA PERDANA,HD465-7,139,6
BJM,BORNEO LINTAS DUTA PERDANA,PC135F-10M0,122,7
BJM,BORNEO LINTAS DUTA PERDANA,PC1250-8,80,8
BJM,BORNEO LINTAS DUTA PERDANA,PC130F-7,64,9
BJM,BORNEO LINTAS DUTA PERDANA,D39PX-22,57,10
BJM,BORNEO LINTAS DUTA PERDANA,PC400LC-8R,41,11
BJM,BORNEO LINTAS DUTA PERDANA,PC500LC-10R,38,12
BJM,BORNEO LINTAS DUTA PERDANA,PC300-8M2,34,13
BJM,BORNEO LINTAS DUTA PERDANA,PC200-8M1,30,14
BJM,BORNEO LINTAS DUTA PERDANA,WA480-6,20,15
BJM,BORNEO LINTAS DUTA PERDANA,D31EX-22,16,16
BJM,BORNEO LINTAS DUTA PERDANA,D31PX-22,16,16
BJM,BORNEO LINTAS DUTA PERDANA,PC195LC-8,10,17
BJM,BORNEO LINTAS DUTA PERDANA,WA150-5,10,17
BJM,BORNEO LINTAS DUTA PERDANA,GD535-5,8,18
BJM,BORNEO LINTAS DUTA PERDANA,HB365-1,8,18
BJM,BORNEO LINTAS DUTA PERDANA,D155A-6R,6,19
BJM,BORNEO LINTAS DUTA PERDANA,PC70-8,6,19
BJM,BORNEO LINTAS DUTA PERDANA,GD705-5,4,20
BJM,BORNEO LINTAS DUTA PERDANA,GD955-7R,2,21
BJM,BORNEO LINTAS DUTA PERDANA,PC1250-11R,2,21
BKJ,UNGGUL DINAMIKA UTAMA,HD785-7,748,1
BKJ,UNGGUL DINAMIKA UTAMA,HM400-3R,240,2
BKJ,UNGGUL DINAMIKA UTAMA,PC200-8M0,41,3
BKJ,UNGGUL DINAMIKA UTAMA,PC210-10M0,39,4
BKJ,UNGGUL DINAMIKA UTAMA,PC300-8M0,38,5
BKJ,UNGGUL DINAMIKA UTAMA,GD535-5,36,6
BKJ,UNGGUL DINAMIKA UTAMA,PC135F-10M0,16,7
BKJ,UNGGUL DINAMIKA UTAMA,PC200-10M0,16,7
BKJ,UNGGUL DINAMIKA UTAMA,PC400LC-8R,14,8
BKJ,UNGGUL DINAMIKA UTAMA,GD705-5,6,9
BKJ,UNGGUL DINAMIKA UTAMA,D39PX-22,2,10
BLG,GUNUNG MADU PLANTATIONS,PC200-8M0,108,1
BLG,GUNUNG MADU PLANTATIONS,PC210-10M0,78,2
BLG,GUNUNG MADU PLANTATIONS,PC300-8M0,26,3
BLG,GUNUNG MADU PLANTATIONS,PC200-10M0,20,4
BLG,GUNUNG MADU PLANTATIONS,D31PX-22,18,5
BLG,GUNUNG MADU PLANTATIONS,PC130F-7,18,5
BLG,GUNUNG MADU PLANTATIONS,WA380Z-6,12,6
BLG,GUNUNG MADU PLANTATIONS,WA380-6,8,7
BLG,GUNUNG MADU PLANTATIONS,GD535-5,6,8
BLG,GUNUNG MADU PLANTATIONS,WA150-5,6,8
BLG,GUNUNG MADU PLANTATIONS,WA500-6R,1,9
BLP,VADHANA INTERNATIONAL,PC135F-10M0,609,1
BLP,VADHANA INTERNATIONAL,PC200-8M0,187,2
BLP,VADHANA INTERNATIONAL,PC200-10M0,166,3
BLP,VADHANA INTERNATIONAL,PC210-10M0,135,4
BLP,VADHANA INTERNATIONAL,HM400-3R,94,5
BLP,VADHANA INTERNATIONAL,GD705-5,38,6
BLP,VADHANA INTERNATIONAL,PC400LC-8R,26,7
BLP,VADHANA INTERNATIONAL,PC200-8M1,16,8
BLP,VADHANA INTERNATIONAL,PC130F-7,9,9
BLP,VADHANA INTERNATIONAL,D375A-6R,8,10
BLP,VADHANA INTERNATIONAL,WA380-6,8,10
BLP,VADHANA INTERNATIONAL,GD535-5,6,11
BLP,VADHANA INTERNATIONAL,D155A-6R,2,12
BNE,UNKNOWN,HD785-7,316,1
BNE,UNKNOWN,HM400-3R,63,2
BNE,UNKNOWN,PC200-8M0,33,3
BNE,UNKNOWN,WA600-3A,6,4
BNT,PAMAPERSADA NUSANTARA,HD785-7,182,1
BNT,PAMAPERSADA NUSANTARA,HD465-7,138,2
BNT,PAMAPERSADA NUSANTARA,PC300-8M0,121,3
BNT,PAMAPERSADA NUSANTARA,PC1250-11R,104,4
BNT,PAMAPERSADA NUSANTARA,PC2000-11R,48,5
BNT,PAMAPERSADA NUSANTARA,HM400-3R,45,6
BNT,PAMAPERSADA NUSANTARA,PC200-8M0,45,6
BNT,PAMAPERSADA NUSANTARA,PC210-10M0,44,7
BNT,PAMAPERSADA NUSANTARA,PC3400-11M0,26,8
BNT,PAMAPERSADA NUSANTARA,PC350LC-8M2,16,9
BNT,PAMAPERSADA NUSANTARA,PC850-8R1,14,10
BNT,PAMAPERSADA NUSANTARA,PC400LC-8R,13,11
BNT,PAMAPERSADA NUSANTARA,WA800-3,8,12
BNT,PAMAPERSADA NUSANTARA,D155A-6R,6,13
BNT,PAMAPERSADA NUSANTARA,PC200-10M0,2,14
BNT,PAMAPERSADA NUSANTARA,PC2000-8,2,14
BTL,AMANAH BORNEO DUA SAUDARA,PC200-8M0,183,1
BTL,AMANAH BORNEO DUA SAUDARA,PC210-10M0,163,2
BTL,AMANAH BORNEO DUA SAUDARA,WA500-6R,110,3
BTL,AMANAH BORNEO DUA SAUDARA,PC200-10M0,94,4
BTL,AMANAH BORNEO DUA SAUDARA,PC500LC-10R,88,5
BTL,AMANAH BORNEO DUA SAUDARA,GD955-7R,80,6
BTL,AMANAH BORNEO DUA SAUDARA,PC300-8M0,67,7
BTL,AMANAH BORNEO DUA SAUDARA,HD1500-8,49,8
BTL,AMANAH BORNEO DUA SAUDARA,D31PX-22,42,9
BTL,AMANAH BORNEO DUA SAUDARA,D375A-6,31,10
BTL,AMANAH BORNEO DUA SAUDARA,PC1250-11R,28,11
BTL,AMANAH BORNEO DUA SAUDARA,HD785-7,26,12
BTL,AMANAH BORNEO DUA SAUDARA,GD705-5,22,13
BTL,AMANAH BORNEO DUA SAUDARA,D39PX-22,21,14
BTL,AMANAH BORNEO DUA SAUDARA,WA200-5,20,15
BTL,AMANAH BORNEO DUA SAUDARA,PC135F-10M0,18,16
BTL,AMANAH BORNEO DUA SAUDARA,D31EX-22,8,17
BTL,AMANAH BORNEO DUA SAUDARA,PC200-8M1,8,17
BTL,AMANAH BORNEO DUA SAUDARA,PC2000-8,8,17
BTL,AMANAH BORNEO DUA SAUDARA,WA200-6,8,17
BTL,AMANAH BORNEO DUA SAUDARA,WA480-6,6,18
BTL,AMANAH BORNEO DUA SAUDARA,PC130F-7,5,19
BTL,AMANAH BORNEO DUA SAUDARA,PC850-8R1,4,20
BTL,AMANAH BORNEO DUA SAUDARA,WA380-6,4,20
BTL,AMANAH BORNEO DUA SAUDARA,GD535-5,2,21
DMI,PAMAPERSADA NUSANTARA,PC1250-11R,76,1
DMI,PAMAPERSADA NUSANTARA,PC300-8M0,32,2
DMI,PAMAPERSADA NUSANTARA,D155A-6R,16,3
DMI,PAMAPERSADA NUSANTARA,PC200-10M0,6,4
DMI,PAMAPERSADA NUSANTARA,PC300-8M2,2,5
DMI,PAMAPERSADA NUSANTARA,PC200-8M0,1,6
FRP,LINTECH DUTA PRATAMA,PC210-10M0,53,1
FRP,LINTECH DUTA PRATAMA,PC200-8M0,29,2
FRP,LINTECH DUTA PRATAMA,PC200-10M0,18,3
FRP,LINTECH DUTA PRATAMA,PC135F-10M0,4,4
FRP,LINTECH DUTA PRATAMA,PC70-8,4,4
FRP,LINTECH DUTA PRATAMA,PC300-8M0,3,5
JBI,TIGA MUSTIKA AGUNG,PC135F-10M0,1544,1
JBI,TIGA MUSTIKA AGUNG,PC130F-7,1102,2
JBI,TIGA MUSTIKA AGUNG,PC210-10M0,667,3
JBI,TIGA MUSTIKA AGUNG,PC200-8M0,470,4
JBI,TIGA MUSTIKA AGUNG,PC200-10M0,226,5
JBI,TIGA MUSTIKA AGUNG,PC195LC-8,172,6
JBI,TIGA MUSTIKA AGUNG,PC300-8M0,108,7
JBI,TIGA MUSTIKA AGUNG,PC200-8M1,60,8
JBI,TIGA MUSTIKA AGUNG,PC300LC-8,32,9
JBI,TIGA MUSTIKA AGUNG,GD535-5,22,10
JBI,TIGA MUSTIKA AGUNG,PC400LC-8R,20,11
JBI,TIGA MUSTIKA AGUNG,D155A-6R,12,12
JBI,TIGA MUSTIKA AGUNG,PC210LC-10M0,12,12
JBI,TIGA MUSTIKA AGUNG,PC300-8M2,10,13
JBI,TIGA MUSTIKA AGUNG,HM400-3R,8,14
JBI,TIGA MUSTIKA AGUNG,PC350LC-8M2,8,14
JBI,TIGA MUSTIKA AGUNG,GD705-5,6,15
JBI,TIGA MUSTIKA AGUNG,PC45MR-3,6,15
JBI,TIGA MUSTIKA AGUNG,PC70-8,4,16
JBI,TIGA MUSTIKA AGUNG,PC500LC-10R,2,17
JBY,SEGARA HERO SAKTI,PC300-8M0,287,1
JBY,SEGARA HERO SAKTI,HD785-7,215,2
JBY,SEGARA HERO SAKTI,PC200-8M0,165,3
JBY,SEGARA HERO SAKTI,PC210-10M0,96,4
JBY,SEGARA HERO SAKTI,PC200-8M1,24,5
JBY,SEGARA HERO SAKTI,PC1250-11R,20,6
JBY,SEGARA HERO SAKTI,PC2000-11R,14,7
JBY,SEGARA HERO SAKTI,PC135F-10M0,8,8
JBY,SEGARA HERO SAKTI,PC300-8M2,6,9
JBY,SEGARA HERO SAKTI,WA500-6R,6,9
JBY,SEGARA HERO SAKTI,D155A-6R,4,10
JKT,ANDREAS IAN SETIAWAN,PC210-10M0,1515,1
JKT,ANDREAS IAN SETIAWAN,PC200-8M0,1343,2
JKT,ANDREAS IAN SETIAWAN,PC200-10M0,420,3
JKT,ANDREAS IAN SETIAWAN,PC195LC-8,150,4
JKT,ANDREAS IAN SETIAWAN,WA380Z-6,128,5
JKT,ANDREAS IAN SETIAWAN,HD465-7,87,6
JKT,ANDREAS IAN SETIAWAN,PC300-8M0,83,7
JKT,ANDREAS IAN SETIAWAN,HM400-3R,72,8
JKT,ANDREAS IAN SETIAWAN,PC200-8M1,68,9
JKT,ANDREAS IAN SETIAWAN,D31EX-22,55,10
JKT,ANDREAS IAN SETIAWAN,PC130F-7,54,11
JKT,ANDREAS IAN SETIAWAN,PC400LC-8R,52,12
JKT,ANDREAS IAN SETIAWAN,WA800-3,38,13
JKT,ANDREAS IAN SETIAWAN,D31PX-22,25,14
JKT,ANDREAS IAN SETIAWAN,PC70-8,19,15
JKT,ANDREAS IAN SETIAWAN,GD955-7R,18,16
JKT,ANDREAS IAN SETIAWAN,HB205-1,18,16
JKT,ANDREAS IAN SETIAWAN,WA200-5,16,17
JKT,ANDREAS IAN SETIAWAN,WA320-5,16,17
JKT,ANDREAS IAN SETIAWAN,PC160LC-8,8,18
JKT,ANDREAS IAN SETIAWAN,WA150-5,8,18
JKT,ANDREAS IAN SETIAWAN,PC135F-10M0,6,19
JKT,ANDREAS IAN SETIAWAN,PC350LC-8M2,4,20
JKT,ANDREAS IAN SETIAWAN,D155A-6R,2,21
JYP,ROSWELL KARYA ABADI,PC200-10M0,592,1
JYP,ROSWELL KARYA ABADI,PC200-8M0,394,2
JYP,ROSWELL KARYA ABADI,PC210-10M0,282,3
JYP,ROSWELL KARYA ABADI,PC200-8M1,77,4
JYP,ROSWELL KARYA ABADI,PC300-8M0,70,5
JYP,ROSWELL KARYA ABADI,PC160LC-8,30,6
JYP,ROSWELL KARYA ABADI,WA500-6R,16,7
JYP,ROSWELL KARYA ABADI,WA150-6,12,8
JYP,ROSWELL KARYA ABADI,D31EX-22,10,9
JYP,ROSWELL KARYA ABADI,D39PX-22,10,9
JYP,ROSWELL KARYA ABADI,GD511A-1,8,10
JYP,ROSWELL KARYA ABADI,PC70-8,8,10
JYP,ROSWELL KARYA ABADI,GD535-5,6,11
JYP,ROSWELL KARYA ABADI,PC135F-10M0,4,12
JYP,ROSWELL KARYA ABADI,PC195LC-8,4,12
JYP,ROSWELL KARYA ABADI,PC130F-7,2,13
JYP,ROSWELL KARYA ABADI,WA150-5,2,13
LJN,PUTRA SARANA TRANSBORNEO,HD785-7,146,1
LJN,PUTRA SARANA TRANSBORNEO,PC400LC-8R,128,2
LJN,PUTRA SARANA TRANSBORNEO,PC200-10M0,89,3
LJN,PUTRA SARANA TRANSBORNEO,PC300-8M0,77,4
LJN,PUTRA SARANA TRANSBORNEO,PC1250-11R,60,5
LJN,PUTRA SARANA TRANSBORNEO,PC210-10M0,58,6
LJN,PUTRA SARANA TRANSBORNEO,PC200-8M0,37,7
LJN,PUTRA SARANA TRANSBORNEO,HM400-3R,28,8
LJN,PUTRA SARANA TRANSBORNEO,PC500LC-10R,26,9
LJN,PUTRA SARANA TRANSBORNEO,HB365-1,18,10
LJN,PUTRA SARANA TRANSBORNEO,GD535-5,14,11
LJN,PUTRA SARANA TRANSBORNEO,PC1250-8,12,12
LJN,PUTRA SARANA TRANSBORNEO,D155A-6R,8,13
LJN,PUTRA SARANA TRANSBORNEO,D375A-6,8,13
LJN,PUTRA SARANA TRANSBORNEO,GD755-5R,8,13
LJN,PUTRA SARANA TRANSBORNEO,GD705-5,2,14
LRH,SOLUSI KLIK,PC200-8M0,114,1
LRH,SOLUSI KLIK,PC300-8M0,89,2
LRH,SOLUSI KLIK,HD785-7,72,3
LRH,SOLUSI KLIK,PC210-10M0,54,4
LRH,SOLUSI KLIK,GD705-5,26,5
LRH,SOLUSI KLIK,PC200-10M0,16,6
LRH,SOLUSI KLIK,PC850-8R1,12,7
LRH,SOLUSI KLIK,D155A-6R,4,8
LRH,SOLUSI KLIK,PC160LC-8,4,8
LRH,SOLUSI KLIK,PC70-8,4,8
LTI,BOSTON TRIKORA MAHARDIKA,PC400LC-8R,95,1
LTI,BOSTON TRIKORA MAHARDIKA,D375A-6,57,2
LTI,BOSTON TRIKORA MAHARDIKA,HD785-7,52,3
LTI,BOSTON TRIKORA MAHARDIKA,PC200-10M0,42,4
LTI,BOSTON TRIKORA MAHARDIKA,PC2000-8,42,4
LTI,BOSTON TRIKORA MAHARDIKA,WA500-6R,34,5
LTI,BOSTON TRIKORA MAHARDIKA,D155A-6R,12,6
LTI,BOSTON TRIKORA MAHARDIKA,PC200-8M0,8,7
LTI,BOSTON TRIKORA MAHARDIKA,PC300-8M2,8,7
LTI,BOSTON TRIKORA MAHARDIKA,WA800-3,6,8
LTI,BOSTON TRIKORA MAHARDIKA,PC850-8R1,5,9
LTI,BOSTON TRIKORA MAHARDIKA,GD755-5R,4,10
LTI,BOSTON TRIKORA MAHARDIKA,PC210-10M0,2,11
MBO,UNKNOWN,PC1250-8,125,1
MBO,UNKNOWN,HD785-7,62,2
MBO,UNKNOWN,PC2000-11R,32,3
MBO,UNKNOWN,PC1250-11R,16,4
MBO,UNKNOWN,PC210-10M0,14,5
MBO,UNKNOWN,WA900-8R,8,6
MBO,UNKNOWN,PC2000-8,4,7
MBO,UNKNOWN,GD755-5R,2,8
MBO,UNKNOWN,PC500LC-10R,2,8
MDN,MITRA KARYA JAYA PERDANA,PC210-10M0,259,1
MDN,MITRA KARYA JAYA PERDANA,PC195LC-8,124,2
MDN,MITRA KARYA JAYA PERDANA,PC130F-7,122,3
MDN,MITRA KARYA JAYA PERDANA,PC200-8M0,67,4
MDN,MITRA KARYA JAYA PERDANA,PC135F-10M0,61,5
MDN,MITRA KARYA JAYA PERDANA,PC200-10M0,43,6
MDN,MITRA KARYA JAYA PERDANA,WA380-6,41,7
MDN,MITRA KARYA JAYA PERDANA,HM400-3R,32,8
MDN,MITRA KARYA JAYA PERDANA,D31EX-22,18,9
MDN,MITRA KARYA JAYA PERDANA,HB365LC-1,18,9
MDN,MITRA KARYA JAYA PERDANA,WA200-6,16,10
MDN,MITRA KARYA JAYA PERDANA,PC300-8M0,14,11
MDN,MITRA KARYA JAYA PERDANA,WA320-5,14,11
MDN,MITRA KARYA JAYA PERDANA,PC1250-11R,10,12
MDN,MITRA KARYA JAYA PERDANA,PC300-8M2,10,12
MDN,MITRA KARYA JAYA PERDANA,GD511A-1,8,13
MDN,MITRA KARYA JAYA PERDANA,PC160LC-8,8,13
MDN,MITRA KARYA JAYA PERDANA,HB365-1,6,14
MDN,MITRA KARYA JAYA PERDANA,WA200-5,6,14
MDN,MITRA KARYA JAYA PERDANA,PC200-8M1,4,15
MDN,MITRA KARYA JAYA PERDANA,D155A-6R,2,16
MDN,MITRA KARYA JAYA PERDANA,D39PX-22,2,16
MDN,MITRA KARYA JAYA PERDANA,GD535-5,2,16
MDO,REZA MULTI SARANA,HM400-3R,980,1
MDO,REZA MULTI SARANA,PC200-8M0,734,2
MDO,REZA MULTI SARANA,PC210-10M0,715,3
MDO,REZA MULTI SARANA,PC300-8M0,554,4
MDO,REZA MULTI SARANA,PC200-10M0,218,5
MDO,REZA MULTI SARANA,PC195LC-8,198,6
MDO,REZA MULTI SARANA,HB365-1,97,7
MDO,REZA MULTI SARANA,GD535-5,71,8
MDO,REZA MULTI SARANA,PC200-8M1,66,9
MDO,REZA MULTI SARANA,PC500LC-10R,56,10
MDO,REZA MULTI SARANA,PC400LC-8R,54,11
MDO,REZA MULTI SARANA,PC300-8M2,48,12
MDO,REZA MULTI SARANA,GD705-5,26,13
MDO,REZA MULTI SARANA,PC1250-11R,24,14
MDO,REZA MULTI SARANA,WA380-6,24,14
MDO,REZA MULTI SARANA,D65P-12,18,15
MDO,REZA MULTI SARANA,D65E-12,14,16
MDO,REZA MULTI SARANA,GD755-5R,14,16
MDO,REZA MULTI SARANA,PC135F-10M0,14,16
MDO,REZA MULTI SARANA,PC70-8,8,17
MDO,REZA MULTI SARANA,D31EX-22,4,18
MDO,REZA MULTI SARANA,WA500-6R,3,19
MDO,REZA MULTI SARANA,D155A-6R,2,20
MDO,REZA MULTI SARANA,D31PX-22,2,20
MDO,REZA MULTI SARANA,PC45MR-3,2,20
MDO,REZA MULTI SARANA,WA380Z-6,2,20
MLW,TRIDEA SENADA,PC200-8M0,568,1
MLW,TRIDEA SENADA,HD785-7,408,2
MLW,TRIDEA SENADA,PC200-10M0,366,3
MLW,TRIDEA SENADA,PC300-8M0,314,4
MLW,TRIDEA SENADA,HM400-3R,275,5
MLW,TRIDEA SENADA,PC210-10M0,199,6
MLW,TRIDEA SENADA,PC1250-11R,178,7
MLW,TRIDEA SENADA,PC500LC-10R,64,8
MLW,TRIDEA SENADA,PC2000-11R,40,9
MLW,TRIDEA SENADA,GD755-5R,37,10
MLW,TRIDEA SENADA,GD705-5,30,11
MLW,TRIDEA SENADA,PC300-8M2,30,11
MLW,TRIDEA SENADA,PC400LC-8R,30,11
MLW,TRIDEA SENADA,PC850-8R1,30,11
MLW,TRIDEA SENADA,PC135F-10M0,26,12
MLW,TRIDEA SENADA,GD535-5,20,13
MLW,TRIDEA SENADA,PC350LC-8M2,18,14
MLW,TRIDEA SENADA,D155A-6R,14,15
MLW,TRIDEA SENADA,PC130F-7,8,16
MLW,TRIDEA SENADA,PC200-8M1,6,17
MLW,TRIDEA SENADA,PC45MR-3,2,18
MLW,TRIDEA SENADA,WA150-6,2,18
MRW,PUTRA PERKASA ABADI,PC210-10M0,137,1
MRW,PUTRA PERKASA ABADI,PC400LC-8R,88,2
MRW,PUTRA PERKASA ABADI,PC1250-11R,16,3
MRW,PUTRA PERKASA ABADI,HB365-1,10,4
MRW,PUTRA PERKASA ABADI,D375A-6R,8,5
MRW,PUTRA PERKASA ABADI,GD705-5,8,5
MRW,PUTRA PERKASA ABADI,GD825A-2,8,5
MRW,PUTRA PERKASA ABADI,PC135F-10M0,8,5
MRW,PUTRA PERKASA ABADI,PC300-8M0,8,5
MRW,PUTRA PERKASA ABADI,D155A-6R,2,6
MRW,PUTRA PERKASA ABADI,GD755-5R,2,6
MRW,PUTRA PERKASA ABADI,WA500-6R,2,6
MTB,ENERGI BUMI SAKTI,PC210-10M0,222,1
MTB,ENERGI BUMI SAKTI,PC1250-11R,133,2
MTB,ENERGI BUMI SAKTI,PC300-8M0,102,3
MTB,ENERGI BUMI SAKTI,PC200-8M0,95,4
MTB,ENERGI BUMI SAKTI,PC400LC-8R,64,5
MTB,ENERGI BUMI SAKTI,PC2000-11R,44,6
MTB,ENERGI BUMI SAKTI,PC850-8R1,24,7
MTB,ENERGI BUMI SAKTI,D155A-6R,17,8
MTB,ENERGI BUMI SAKTI,GD955-7R,16,9
MTB,ENERGI BUMI SAKTI,PC350LC-8M2,16,9
MTB,ENERGI BUMI SAKTI,GD825A-2,8,10
MTW,PETROSEA Tbk.,PC210-10M0,127,1
MTW,PETROSEA Tbk.,PC300-8M0,125,2
MTW,PETROSEA Tbk.,HD785-7,103,3
MTW,PETROSEA Tbk.,PC400LC-8R,76,4
MTW,PETROSEA Tbk.,GD535-5,72,5
MTW,PETROSEA Tbk.,PC200-10M0,70,6
MTW,PETROSEA Tbk.,PC500LC-10R,68,7
MTW,PETROSEA Tbk.,PC1250-11R,58,8
MTW,PETROSEA Tbk.,PC300-8M2,44,9
MTW,PETROSEA Tbk.,GD705-5,40,10
MTW,PETROSEA Tbk.,HM400-3R,40,10
MTW,PETROSEA Tbk.,HB365-1,36,11
MTW,PETROSEA Tbk.,GD955-7R,32,12
MTW,PETROSEA Tbk.,PC200-8M0,14,13
MTW,PETROSEA Tbk.,D155A-6R,10,14
MTW,PETROSEA Tbk.,PC200-8M1,6,15
MTW,PETROSEA Tbk.,GD755-5R,4,16
MTW,PETROSEA Tbk.,WA500-6R,4,16
MTW,PETROSEA Tbk.,PC135F-10M0,2,17
PDG,EKA NUSA GLOBAL,HD465-7,564,1
PDG,EKA NUSA GLOBAL,PC200-8M0,189,2
PDG,EKA NUSA GLOBAL,PC200-10M0,129,3
PDG,EKA NUSA GLOBAL,PC210-10M0,92,4
PDG,EKA NUSA GLOBAL,PC195LC-8,46,5
PDG,EKA NUSA GLOBAL,PC300-8M0,42,6
PDG,EKA NUSA GLOBAL,GD535-5,24,7
PDG,EKA NUSA GLOBAL,PC200-8M1,16,8
PDG,EKA NUSA GLOBAL,PC400LC-8R,8,9
PDG,EKA NUSA GLOBAL,PC500LC-10R,8,9
PDG,EKA NUSA GLOBAL,PC130F-7,2,10
PDG,EKA NUSA GLOBAL,PC300-8M2,2,10
PDG,EKA NUSA GLOBAL,PC850-8R1,2,10
PDG,EKA NUSA GLOBAL,WA380Z-6,2,10
PDG,EKA NUSA GLOBAL,PC160LC-8,1,11
PKB,PUTRA MUJUR PERKASA ABADI,PC135F-10M0,2541,1
PKB,PUTRA MUJUR PERKASA ABADI,PC130F-7,2295,2
PKB,PUTRA MUJUR PERKASA ABADI,PC210-10M0,634,3
PKB,PUTRA MUJUR PERKASA ABADI,PC200-8M0,481,4
PKB,PUTRA MUJUR PERKASA ABADI,PC200-10M0,366,5
PKB,PUTRA MUJUR PERKASA ABADI,PC195LC-8,154,6
PKB,PUTRA MUJUR PERKASA ABADI,PC300-8M0,72,7
PKB,PUTRA MUJUR PERKASA ABADI,GD535-5,48,8
PKB,PUTRA MUJUR PERKASA ABADI,WA200-5,40,9
PKB,PUTRA MUJUR PERKASA ABADI,PC70-8,36,10
PKB,PUTRA MUJUR PERKASA ABADI,WA500-6R,25,11
PKB,PUTRA MUJUR PERKASA ABADI,PC400LC-8R,22,12
PKB,PUTRA MUJUR PERKASA ABADI,PC300LC-8,18,13
PKB,PUTRA MUJUR PERKASA ABADI,GD511A-1,8,14
PKB,PUTRA MUJUR PERKASA ABADI,PC200-8M1,8,14
PKB,PUTRA MUJUR PERKASA ABADI,D65P-12,4,15
PKB,PUTRA MUJUR PERKASA ABADI,WA380-6,4,15
PLB,GLOBAL ENERGI LESTARI,PC135F-10M0,1064,1
PLB,GLOBAL ENERGI LESTARI,PC200-8M0,609,2
PLB,GLOBAL ENERGI LESTARI,PC130F-7,502,3
PLB,GLOBAL ENERGI LESTARI,PC210-10M0,487,4
PLB,GLOBAL ENERGI LESTARI,PC200-10M0,367,5
PLB,GLOBAL ENERGI LESTARI,GD535-5,92,6
PLB,GLOBAL ENERGI LESTARI,PC300-8M0,86,7
PLB,GLOBAL ENERGI LESTARI,PC500LC-10R,47,8
PLB,GLOBAL ENERGI LESTARI,PC3400-11M0,40,9
PLB,GLOBAL ENERGI LESTARI,PC400LC-8R,33,10
PLB,GLOBAL ENERGI LESTARI,PC200-8M1,29,11
PLB,GLOBAL ENERGI LESTARI,PC160LC-8,23,12
PLB,GLOBAL ENERGI LESTARI,WA380-6,21,13
PLB,GLOBAL ENERGI LESTARI,WA150-5,10,14
PLB,GLOBAL ENERGI LESTARI,WA150-6,10,14
PLB,GLOBAL ENERGI LESTARI,GD511A-1,8,15
PLB,GLOBAL ENERGI LESTARI,PC300LC-8,8,15
PLB,GLOBAL ENERGI LESTARI,WA200-6,8,15
PLB,GLOBAL ENERGI LESTARI,GD705-5,6,16
PLB,GLOBAL ENERGI LESTARI,PC195LC-8,4,17
PLB,GLOBAL ENERGI LESTARI,PC2000-11R,4,17
PLB,GLOBAL ENERGI LESTARI,WA480-6,4,17
PLB,GLOBAL ENERGI LESTARI,GD755-5R,2,18
PLU,KITA TAMBANG MINERAL,PC200-8M0,736,1
PLU,KITA TAMBANG MINERAL,PC210-10M0,564,2
PLU,KITA TAMBANG MINERAL,PC200-10M0,434,3
PLU,KITA TAMBANG MINERAL,HM400-3R,224,4
PLU,KITA TAMBANG MINERAL,PC300-8M0,152,5
PLU,KITA TAMBANG MINERAL,PC195LC-8,124,6
PLU,KITA TAMBANG MINERAL,PC200-8M1,91,7
PLU,KITA TAMBANG MINERAL,PC130F-7,46,8
PLU,KITA TAMBANG MINERAL,PC400LC-8R,36,9
PLU,KITA TAMBANG MINERAL,PC350LC-8M2,26,10
PLU,KITA TAMBANG MINERAL,PC300-8M2,25,11
PLU,KITA TAMBANG MINERAL,WA380-6,22,12
PLU,KITA TAMBANG MINERAL,D31EX-22,20,13
PLU,KITA TAMBANG MINERAL,GD535-5,14,14
PLU,KITA TAMBANG MINERAL,PC500LC-10R,12,15
PLU,KITA TAMBANG MINERAL,PC70-8,6,16
PLU,KITA TAMBANG MINERAL,WA480-6,6,16
PLU,KITA TAMBANG MINERAL,PC135F-10M0,4,17
PLU,KITA TAMBANG MINERAL,WA500-6R,2,18
PTK,OPERASI DAN PEMELIHARAAN SUMBER DAYA AIR KALIMANTAN I DIREKTORAT JENDERAL SUMBER DAYA AIR KEMENTERIAN PEKERJAAN UMUM,PC200-8M0,786,1
PTK,OPERASI DAN PEMELIHARAAN SUMBER DAYA AIR KALIMANTAN I DIREKTORAT JENDERAL SUMBER DAYA AIR KEMENTERIAN PEKERJAAN UMUM,PC200-10M0,438,2
PTK,OPERASI DAN PEMELIHARAAN SUMBER DAYA AIR KALIMANTAN I DIREKTORAT JENDERAL SUMBER DAYA AIR KEMENTERIAN PEKERJAAN UMUM,PC130F-7,360,3
PTK,OPERASI DAN PEMELIHARAAN SUMBER DAYA AIR KALIMANTAN I DIREKTORAT JENDERAL SUMBER DAYA AIR KEMENTERIAN PEKERJAAN UMUM,PC210-10M0,310,4
PTK,OPERASI DAN PEMELIHARAAN SUMBER DAYA AIR KALIMANTAN I DIREKTORAT JENDERAL SUMBER DAYA AIR KEMENTERIAN PEKERJAAN UMUM,PC135F-10M0,307,5
PTK,OPERASI DAN PEMELIHARAAN SUMBER DAYA AIR KALIMANTAN I DIREKTORAT JENDERAL SUMBER DAYA AIR KEMENTERIAN PEKERJAAN UMUM,PC200-8M1,47,6
PTK,OPERASI DAN PEMELIHARAAN SUMBER DAYA AIR KALIMANTAN I DIREKTORAT JENDERAL SUMBER DAYA AIR KEMENTERIAN PEKERJAAN UMUM,GD535-5,46,7
PTK,OPERASI DAN PEMELIHARAAN SUMBER DAYA AIR KALIMANTAN I DIREKTORAT JENDERAL SUMBER DAYA AIR KEMENTERIAN PEKERJAAN UMUM,PC160LC-8,39,8
PTK,OPERASI DAN PEMELIHARAAN SUMBER DAYA AIR KALIMANTAN I DIREKTORAT JENDERAL SUMBER DAYA AIR KEMENTERIAN PEKERJAAN UMUM,PC300-8M0,35,9
PTK,OPERASI DAN PEMELIHARAAN SUMBER DAYA AIR KALIMANTAN I DIREKTORAT JENDERAL SUMBER DAYA AIR KEMENTERIAN PEKERJAAN UMUM,WA200-5,32,10
PTK,OPERASI DAN PEMELIHARAAN SUMBER DAYA AIR KALIMANTAN I DIREKTORAT JENDERAL SUMBER DAYA AIR KEMENTERIAN PEKERJAAN UMUM,WA380-6,28,11
PTK,OPERASI DAN PEMELIHARAAN SUMBER DAYA AIR KALIMANTAN I DIREKTORAT JENDERAL SUMBER DAYA AIR KEMENTERIAN PEKERJAAN UMUM,D31PX-22,24,12
PTK,OPERASI DAN PEMELIHARAAN SUMBER DAYA AIR KALIMANTAN I DIREKTORAT JENDERAL SUMBER DAYA AIR KEMENTERIAN PEKERJAAN UMUM,WA150-5,20,13
PTK,OPERASI DAN PEMELIHARAAN SUMBER DAYA AIR KALIMANTAN I DIREKTORAT JENDERAL SUMBER DAYA AIR KEMENTERIAN PEKERJAAN UMUM,PC300-8M2,14,14
PTK,OPERASI DAN PEMELIHARAAN SUMBER DAYA AIR KALIMANTAN I DIREKTORAT JENDERAL SUMBER DAYA AIR KEMENTERIAN PEKERJAAN UMUM,PC400LC-8R,9,15
PTK,OPERASI DAN PEMELIHARAAN SUMBER DAYA AIR KALIMANTAN I DIREKTORAT JENDERAL SUMBER DAYA AIR KEMENTERIAN PEKERJAAN UMUM,D31EX-22,8,16
PTK,OPERASI DAN PEMELIHARAAN SUMBER DAYA AIR KALIMANTAN I DIREKTORAT JENDERAL SUMBER DAYA AIR KEMENTERIAN PEKERJAAN UMUM,PC850-8R1,6,17
PTK,OPERASI DAN PEMELIHARAAN SUMBER DAYA AIR KALIMANTAN I DIREKTORAT JENDERAL SUMBER DAYA AIR KEMENTERIAN PEKERJAAN UMUM,WA150-6,6,17
RTU,NUGRAHA JAYA MAKMUR,HD785-7,544,1
RTU,NUGRAHA JAYA MAKMUR,PC200-8M0,179,2
RTU,NUGRAHA JAYA MAKMUR,PC1250-8,138,3
RTU,NUGRAHA JAYA MAKMUR,PC200-10M0,138,3
RTU,NUGRAHA JAYA MAKMUR,PC300-8M0,123,4
RTU,NUGRAHA JAYA MAKMUR,WA480-6,122,5
RTU,NUGRAHA JAYA MAKMUR,GD705-5,114,6
RTU,NUGRAHA JAYA MAKMUR,PC1250-11R,108,7
RTU,NUGRAHA JAYA MAKMUR,PC210-10M0,98,8
RTU,NUGRAHA JAYA MAKMUR,HD465-7,92,9
RTU,NUGRAHA JAYA MAKMUR,PC400LC-8R,65,10
RTU,NUGRAHA JAYA MAKMUR,D375A-6,63,11
RTU,NUGRAHA JAYA MAKMUR,PC500LC-10R,41,12
RTU,NUGRAHA JAYA MAKMUR,D155A-6R,22,13
RTU,NUGRAHA JAYA MAKMUR,GD535-5,21,14
RTU,NUGRAHA JAYA MAKMUR,PC130F-7,13,15
RTU,NUGRAHA JAYA MAKMUR,GD825A-2,8,16
RTU,NUGRAHA JAYA MAKMUR,PC350LC-8M2,8,16
RTU,NUGRAHA JAYA MAKMUR,PC850-8R1,8,16
RTU,NUGRAHA JAYA MAKMUR,WA500-6R,8,16
RTU,NUGRAHA JAYA MAKMUR,HM400-3R,4,17
RTU,NUGRAHA JAYA MAKMUR,PC135F-10M0,2,18
SBT,MADHANI TALATAH NUSANTARA,HD785-7,284,1
SBT,MADHANI TALATAH NUSANTARA,PC300-8M0,50,2
SBT,MADHANI TALATAH NUSANTARA,PC210-10M0,24,3
SBT,MADHANI TALATAH NUSANTARA,PC1250-8,22,4
SBT,MADHANI TALATAH NUSANTARA,PC200-10M0,20,5
SBT,MADHANI TALATAH NUSANTARA,PC400LC-8R,14,6
SBT,MADHANI TALATAH NUSANTARA,PC850-8R1,12,7
SBW,UNKNOWN,HM400-3R,96,1
SBW,UNKNOWN,PC300-8M0,13,2
SBW,UNKNOWN,PC210-10M0,12,3
SBW,UNKNOWN,PC200-10M0,10,4
SBY,MURIA SUMBA MANIS,PC210-10M0,1304,1
SBY,MURIA SUMBA MANIS,PC200-8M0,994,2
SBY,MURIA SUMBA MANIS,PC300-8M0,468,3
SBY,MURIA SUMBA MANIS,PC200-10M0,160,4
SBY,MURIA SUMBA MANIS,PC200-8M1,101,5
SBY,MURIA SUMBA MANIS,HM400-3R,98,6
SBY,MURIA SUMBA MANIS,PC195LC-8,86,7
SBY,MURIA SUMBA MANIS,WA380-6,80,8
SBY,MURIA SUMBA MANIS,WA500-6R,42,9
SBY,MURIA SUMBA MANIS,WA200-5,36,10
SBY,MURIA SUMBA MANIS,HB365-1,32,11
SBY,MURIA SUMBA MANIS,D31EX-22,28,12
SBY,MURIA SUMBA MANIS,PC130F-7,24,13
SBY,MURIA SUMBA MANIS,PC70-8,18,14
SBY,MURIA SUMBA MANIS,WA320-5,18,14
SBY,MURIA SUMBA MANIS,WA380Z-6,18,14
SBY,MURIA SUMBA MANIS,WA480-6,18,14
SBY,MURIA SUMBA MANIS,D39PX-22,14,15
SBY,MURIA SUMBA MANIS,PC300-8M2,12,16
SBY,MURIA SUMBA MANIS,PC2000-11R,10,17
SBY,MURIA SUMBA MANIS,WA150-5,10,17
SBY,MURIA SUMBA MANIS,D21PL-8,8,18
SBY,MURIA SUMBA MANIS,GD535-5,8,18
SBY,MURIA SUMBA MANIS,D31PX-22,7,19
SBY,MURIA SUMBA MANIS,PC135F-10M0,6,20
SBY,MURIA SUMBA MANIS,D155A-6R,4,21
SBY,MURIA SUMBA MANIS,HB365LC-1,4,21
SBY,MURIA SUMBA MANIS,WA200-6,4,21
SBY,MURIA SUMBA MANIS,GD755-5R,2,22
SBY,MURIA SUMBA MANIS,PC160LC-8,2,22
SBY,MURIA SUMBA MANIS,PC850-8R1,2,22
SDU,PUTRA PERKASA ABADI,HD785-7,2309,1
SDU,PUTRA PERKASA ABADI,PC200-8M0,383,2
SDU,PUTRA PERKASA ABADI,PC400LC-8R,329,3
SDU,PUTRA PERKASA ABADI,PC300-8M0,259,4
SDU,PUTRA PERKASA ABADI,PC210-10M0,256,5
SDU,PUTRA PERKASA ABADI,GD955-7R,182,6
SDU,PUTRA PERKASA ABADI,PC200-10M0,176,7
SDU,PUTRA PERKASA ABADI,WA500-6R,154,8
SDU,PUTRA PERKASA ABADI,PC1250-11R,92,9
SDU,PUTRA PERKASA ABADI,WA480-6,67,10
SDU,PUTRA PERKASA ABADI,PC500LC-10R,56,11
SDU,PUTRA PERKASA ABADI,HB365-1,50,12
SDU,PUTRA PERKASA ABADI,D155A-6R,40,13
SDU,PUTRA PERKASA ABADI,PC850-8R1,30,14
SDU,PUTRA PERKASA ABADI,WA380Z-6,30,14
SDU,PUTRA PERKASA ABADI,GD705-5,22,15
SDU,PUTRA PERKASA ABADI,GD755-5R,22,15
SDU,PUTRA PERKASA ABADI,PC3400-11M0,22,15
SDU,PUTRA PERKASA ABADI,D31PX-22,20,16
SDU,PUTRA PERKASA ABADI,GD535-5,20,16
SDU,PUTRA PERKASA ABADI,WA200-5,18,17
SDU,PUTRA PERKASA ABADI,PC2000-11R,16,18
SDU,PUTRA PERKASA ABADI,PC300-8M2,14,19
SDU,PUTRA PERKASA ABADI,PC2000-8,10,20
SDU,PUTRA PERKASA ABADI,D375A-6,8,21
SDU,PUTRA PERKASA ABADI,D375A-6R,8,21
SDU,PUTRA PERKASA ABADI,GD825A-2,8,21
SDU,PUTRA PERKASA ABADI,PC1250-8,8,21
SDU,PUTRA PERKASA ABADI,PC200-8M1,8,21
SDU,PUTRA PERKASA ABADI,D39PX-22,2,22
SDU,PUTRA PERKASA ABADI,HM400-3R,2,22
SGA,CIPTA HASIL SUGIARTO,PC200-8M0,166,1
SGA,CIPTA HASIL SUGIARTO,PC1250-11R,74,2
SGA,CIPTA HASIL SUGIARTO,PC400LC-8R,37,3
SGA,CIPTA HASIL SUGIARTO,D155A-6R,14,4
SGA,CIPTA HASIL SUGIARTO,PC210-10M0,10,5
SGA,CIPTA HASIL SUGIARTO,HD785-7,9,6
SGA,CIPTA HASIL SUGIARTO,GD535-5,8,7
SGA,CIPTA HASIL SUGIARTO,PC200-8M1,6,8
SGA,CIPTA HASIL SUGIARTO,PC200-10M0,4,9
SGA,CIPTA HASIL SUGIARTO,GD755-5R,2,10
SGT,PAMAPERSADA NUSANTARA,HD785-7,2717,1
SGT,PAMAPERSADA NUSANTARA,D375A-6,897,2
SGT,PAMAPERSADA NUSANTARA,D375A-5,584,3
SGT,PAMAPERSADA NUSANTARA,PC300-8M0,145,4
SGT,PAMAPERSADA NUSANTARA,HD1500-8,70,5
SGT,PAMAPERSADA NUSANTARA,PC210-10M0,52,6
SGT,PAMAPERSADA NUSANTARA,PC350LC-8M2,48,7
SGT,PAMAPERSADA NUSANTARA,PC2000-11R,41,8
SGT,PAMAPERSADA NUSANTARA,HM400-3R,34,9
SGT,PAMAPERSADA NUSANTARA,PC1250-11R,22,10
SGT,PAMAPERSADA NUSANTARA,PC200-8M0,22,10
SGT,PAMAPERSADA NUSANTARA,PC200-10M0,6,11
SGT,PAMAPERSADA NUSANTARA,PC850-8R1,6,11
SGT,PAMAPERSADA NUSANTARA,PC300-8M2,4,12
SGT,PAMAPERSADA NUSANTARA,GD755-5R,2,13
SGT,PAMAPERSADA NUSANTARA,PC200-8M1,2,13
SGT,PAMAPERSADA NUSANTARA,PC400LC-8R,2,13
SGT,PAMAPERSADA NUSANTARA,WA500-6R,2,13
SKL,TRIDEA SENADA,HD785-7,364,1
SKL,TRIDEA SENADA,GD755-5R,117,2
SKL,TRIDEA SENADA,PC2000-8,115,3
SKL,TRIDEA SENADA,PC200-8M1,108,4
SKL,TRIDEA SENADA,PC210-10M0,101,5
SKL,TRIDEA SENADA,PC1250-11R,84,6
SKL,TRIDEA SENADA,PC200-8M0,71,7
SKL,TRIDEA SENADA,PC2000-11R,70,8
SKL,TRIDEA SENADA,D155A-6R,62,9
SKL,TRIDEA SENADA,D31EX-22,48,10
SKL,TRIDEA SENADA,HD465-7,32,11
SKL,TRIDEA SENADA,PC300-8M0,32,11
SKL,TRIDEA SENADA,PC130F-7,20,12
SKL,TRIDEA SENADA,PC400LC-8R,16,13
SKL,TRIDEA SENADA,PC850-8R1,16,13
SKL,TRIDEA SENADA,GD825A-2,14,14
SKL,TRIDEA SENADA,WA500-6R,10,15
SKL,TRIDEA SENADA,WA900-8R,10,15
SKL,TRIDEA SENADA,PC135F-10M0,8,16
SKL,TRIDEA SENADA,GD705-5,6,17
SKL,TRIDEA SENADA,PC70-8,4,18
SKL,TRIDEA SENADA,WA150-6,4,18
SKL,TRIDEA SENADA,GD535-5,2,19
SKL,TRIDEA SENADA,HB365-1,2,19
SMD,MULTINDO PRIMA TEKNIK,PC200-8M0,536,1
SMD,MULTINDO PRIMA TEKNIK,PC400LC-8R,264,2
SMD,MULTINDO PRIMA TEKNIK,PC210-10M0,243,3
SMD,MULTINDO PRIMA TEKNIK,PC200-10M0,191,4
SMD,MULTINDO PRIMA TEKNIK,PC1250-11R,154,5
SMD,MULTINDO PRIMA TEKNIK,PC200-8M1,153,6
SMD,MULTINDO PRIMA TEKNIK,PC300-8M0,141,7
SMD,MULTINDO PRIMA TEKNIK,HD465-7,107,8
SMD,MULTINDO PRIMA TEKNIK,GD755-5R,85,9
SMD,MULTINDO PRIMA TEKNIK,PC500LC-10R,52,10
SMD,MULTINDO PRIMA TEKNIK,GD535-5,50,11
SMD,MULTINDO PRIMA TEKNIK,HM400-3R,46,12
SMD,MULTINDO PRIMA TEKNIK,PC130F-7,31,13
SMD,MULTINDO PRIMA TEKNIK,GD705-5,28,14
SMD,MULTINDO PRIMA TEKNIK,WA480-6,16,15
SMD,MULTINDO PRIMA TEKNIK,PC135F-10M0,14,16
SMD,MULTINDO PRIMA TEKNIK,WA380-6,12,17
SMD,MULTINDO PRIMA TEKNIK,PC300-8M2,10,18
SMD,MULTINDO PRIMA TEKNIK,D155A-6R,6,19
SMD,MULTINDO PRIMA TEKNIK,D31PX-22,6,19
SMD,MULTINDO PRIMA TEKNIK,D39EX-22,4,20
SMD,MULTINDO PRIMA TEKNIK,HD785-7,2,21
SMD,MULTINDO PRIMA TEKNIK,WA380Z-6,2,21
SMD,MULTINDO PRIMA TEKNIK,WA500-6R,2,21
SMG,KEMBANG ARUM,PC210-10M0,636,1
SMG,KEMBANG ARUM,PC200-8M0,402,2
SMG,KEMBANG ARUM,PC195LC-8,103,3
SMG,KEMBANG ARUM,PC200-10M0,64,4
SMG,KEMBANG ARUM,PC300-8M0,38,5
SMG,KEMBANG ARUM,D31PX-22,32,6
SMG,KEMBANG ARUM,D31EX-22,24,7
SMG,KEMBANG ARUM,WA320-5,16,8
SMG,KEMBANG ARUM,PC200-8M1,14,9
SMG,KEMBANG ARUM,D39PX-22,12,10
SMG,KEMBANG ARUM,HM400-3R,10,11
SMG,KEMBANG ARUM,PC130F-7,10,11
SMG,KEMBANG ARUM,PC400LC-8R,6,12
SMG,KEMBANG ARUM,WA380-6,5,13
SMG,KEMBANG ARUM,D155A-6R,4,14
SMG,KEMBANG ARUM,PC135F-10M0,4,14
SMG,KEMBANG ARUM,WA200-6,4,14
SPR,PANCARAN DARAT TRANSPORT,PC135F-10M0,385,1
SPR,PANCARAN DARAT TRANSPORT,PC130F-7,201,2
SPR,PANCARAN DARAT TRANSPORT,PC210-10M0,99,3
SPR,PANCARAN DARAT TRANSPORT,HD785-7,76,4
SPR,PANCARAN DARAT TRANSPORT,PC300-8M0,60,5
SPR,PANCARAN DARAT TRANSPORT,PC200-10M0,49,6
SPR,PANCARAN DARAT TRANSPORT,GD535-5,36,7
SPR,PANCARAN DARAT TRANSPORT,PC200-8M0,30,8
SPR,PANCARAN DARAT TRANSPORT,PC200-8M1,10,9
SPR,PANCARAN DARAT TRANSPORT,GD825A-2,8,10
SPR,PANCARAN DARAT TRANSPORT,PC500LC-10R,8,10
SPR,PANCARAN DARAT TRANSPORT,GD705-5,6,11
SPR,PANCARAN DARAT TRANSPORT,GD755-5R,2,12
SPT,GRAHA CAKRAMULIA,PC200-8M0,523,1
SPT,GRAHA CAKRAMULIA,PC210-10M0,459,2
SPT,GRAHA CAKRAMULIA,PC135F-10M0,272,3
SPT,GRAHA CAKRAMULIA,PC200-10M0,233,4
SPT,GRAHA CAKRAMULIA,PC130F-7,193,5
SPT,GRAHA CAKRAMULIA,PC300-8M0,65,6
SPT,GRAHA CAKRAMULIA,PC400LC-8R,58,7
SPT,GRAHA CAKRAMULIA,GD535-5,45,8
SPT,GRAHA CAKRAMULIA,PC160LC-8,32,9
SPT,GRAHA CAKRAMULIA,GD705-5,30,10
SPT,GRAHA CAKRAMULIA,PC200-8M1,26,11
SPT,GRAHA CAKRAMULIA,PC70-8,24,12
SPT,GRAHA CAKRAMULIA,WA200-5,24,12
SPT,GRAHA CAKRAMULIA,PC195LC-8,18,13
SPT,GRAHA CAKRAMULIA,PC500LC-10R,16,14
SPT,GRAHA CAKRAMULIA,D31EX-22,12,15
SPT,GRAHA CAKRAMULIA,GD511A-1,8,16
SPT,GRAHA CAKRAMULIA,WA500-6R,8,16
SPT,GRAHA CAKRAMULIA,PC200-8,6,17
SPT,GRAHA CAKRAMULIA,WA150-5,6,17
SPT,GRAHA CAKRAMULIA,D31PX-22,3,18
SPT,GRAHA CAKRAMULIA,WA150-6,2,19
SPT,GRAHA CAKRAMULIA,WA200-6,2,19
SRG,BERKAT MELIMPAH BERSAMA,PC200-10M0,700,1
SRG,BERKAT MELIMPAH BERSAMA,PC210-10M0,553,2
SRG,BERKAT MELIMPAH BERSAMA,PC200-8M0,526,3
SRG,BERKAT MELIMPAH BERSAMA,PC300-8M0,99,4
SRG,BERKAT MELIMPAH BERSAMA,PC195LC-8,65,5
SRG,BERKAT MELIMPAH BERSAMA,PC200-8M1,30,6
SRG,BERKAT MELIMPAH BERSAMA,PC300-8M2,17,7
SRG,BERKAT MELIMPAH BERSAMA,PC135F-10M0,16,8
SRG,BERKAT MELIMPAH BERSAMA,D31EX-22,12,9
SRG,BERKAT MELIMPAH BERSAMA,GD535-5,12,9
SRG,BERKAT MELIMPAH BERSAMA,PC130F-7,8,10
SRG,BERKAT MELIMPAH BERSAMA,GD511A-1,6,11
SRG,BERKAT MELIMPAH BERSAMA,WA500-6R,6,11
SRG,BERKAT MELIMPAH BERSAMA,WA150-5,2,12
SRK,VALE INDONESIA TBK,PC200-10M0,28,1
SRK,VALE INDONESIA TBK,PC2000-11R,22,2
SRK,VALE INDONESIA TBK,HD785-7,18,3
SRK,VALE INDONESIA TBK,D65P-12,8,4
SRK,VALE INDONESIA TBK,GD825A-2,8,4
SRK,VALE INDONESIA TBK,PC300-8M2,6,5
SRK,VALE INDONESIA TBK,PC200-8M0,4,6
SRK,VALE INDONESIA TBK,WA900-8R,4,6
SRK,VALE INDONESIA TBK,GD705-5,2,7
SRK,VALE INDONESIA TBK,PC210-10M0,2,7
SRK,VALE INDONESIA TBK,PC2000-8,1,8
STI,UNKNOWN,PC300-8M0,26,1
STI,UNKNOWN,WA500-6R,10,2
TBG,KARUNIA ARMADA INDONESIA,HD785-7,789,1
TBG,KARUNIA ARMADA INDONESIA,PC2000-11R,280,2
TBG,KARUNIA ARMADA INDONESIA,PC1250-11R,164,3
TBG,KARUNIA ARMADA INDONESIA,PC400LC-8R,120,4
TBG,KARUNIA ARMADA INDONESIA,PC210-10M0,104,5
TBG,KARUNIA ARMADA INDONESIA,D375A-6,100,6
TBG,KARUNIA ARMADA INDONESIA,PC135F-10M0,100,6
TBG,KARUNIA ARMADA INDONESIA,PC200-10M0,93,7
TBG,KARUNIA ARMADA INDONESIA,WA900-8R,62,8
TBG,KARUNIA ARMADA INDONESIA,PC200-8M0,44,9
TBG,KARUNIA ARMADA INDONESIA,D31EX-22,32,10
TBG,KARUNIA ARMADA INDONESIA,D155A-6R,26,11
TBG,KARUNIA ARMADA INDONESIA,GD705-5,26,11
TBG,KARUNIA ARMADA INDONESIA,WA800-3,24,12
TBG,KARUNIA ARMADA INDONESIA,GD955-7R,20,13
TBG,KARUNIA ARMADA INDONESIA,PC300-8M2,20,13
TBG,KARUNIA ARMADA INDONESIA,PC200-8M1,16,14
TBG,KARUNIA ARMADA INDONESIA,D375A-6R,8,15
TBG,KARUNIA ARMADA INDONESIA,GD825A-2,8,15
TBG,KARUNIA ARMADA INDONESIA,PC500LC-10R,8,15
TBG,KARUNIA ARMADA INDONESIA,D65P-12,4,16
TBG,KARUNIA ARMADA INDONESIA,GD535-5,4,16
TBG,KARUNIA ARMADA INDONESIA,HM400-3R,4,16
THP,KARUNIA ARMADA INDONESIA,HD785-7,353,1
THP,KARUNIA ARMADA INDONESIA,PC2000-8,172,2
THP,KARUNIA ARMADA INDONESIA,PC200-8M0,103,3
THP,KARUNIA ARMADA INDONESIA,HD465-7,79,4
THP,KARUNIA ARMADA INDONESIA,PC400LC-8R,24,5
THP,KARUNIA ARMADA INDONESIA,D155A-6R,10,6
THP,KARUNIA ARMADA INDONESIA,GD511A-1,8,7
THP,KARUNIA ARMADA INDONESIA,GD705-5,8,7
THP,KARUNIA ARMADA INDONESIA,PC210-10M0,8,7
THP,KARUNIA ARMADA INDONESIA,PC200-8M1,2,8
THP,KARUNIA ARMADA INDONESIA,PC500LC-10R,2,8
TJE,ANTAREJA MAHADA MAKMUR,PC210-10M0,276,1
TJE,ANTAREJA MAHADA MAKMUR,PC200-10M0,158,2
TJE,ANTAREJA MAHADA MAKMUR,PC200-8M0,147,3
TJE,ANTAREJA MAHADA MAKMUR,PC1250-11R,140,4
TJE,ANTAREJA MAHADA MAKMUR,PC500LC-10R,86,5
TJE,ANTAREJA MAHADA MAKMUR,GD535-5,66,6
TJE,ANTAREJA MAHADA MAKMUR,HD785-7,63,7
TJE,ANTAREJA MAHADA MAKMUR,HM400-3R,53,8
TJE,ANTAREJA MAHADA MAKMUR,PC300-8M0,48,9
TJE,ANTAREJA MAHADA MAKMUR,D31EX-22,46,10
TJE,ANTAREJA MAHADA MAKMUR,D155A-6R,36,11
TJE,ANTAREJA MAHADA MAKMUR,PC2000-11R,32,12
TJE,ANTAREJA MAHADA MAKMUR,PC850-8R1,29,13
TJE,ANTAREJA MAHADA MAKMUR,PC1250-8,19,14
TJE,ANTAREJA MAHADA MAKMUR,D65P-12,14,15
TJE,ANTAREJA MAHADA MAKMUR,WA480-6,14,15
TJE,ANTAREJA MAHADA MAKMUR,GD755-5R,12,16
TJE,ANTAREJA MAHADA MAKMUR,WA380-6,12,16
TJE,ANTAREJA MAHADA MAKMUR,HB365-1,8,17
TJE,ANTAREJA MAHADA MAKMUR,PC2000-8,8,17
TJE,ANTAREJA MAHADA MAKMUR,PC130F-7,6,18
TJE,ANTAREJA MAHADA MAKMUR,WA200-5,6,18
TJE,ANTAREJA MAHADA MAKMUR,GD705-5,4,19
TJE,ANTAREJA MAHADA MAKMUR,HD465-7,4,19
TJE,ANTAREJA MAHADA MAKMUR,PC400LC-8R,3,20
TJE,ANTAREJA MAHADA MAKMUR,PC195LC-8,2,21
TJG,SAPTAINDRA SEJATI,HD785-7,4109,1
TJG,SAPTAINDRA SEJATI,PC1250-11R,264,2
TJG,SAPTAINDRA SEJATI,D375A-6,199,3
TJG,SAPTAINDRA SEJATI,PC200-8M0,174,4
TJG,SAPTAINDRA SEJATI,PC210-10M0,173,5
TJG,SAPTAINDRA SEJATI,PC2000-8,136,6
TJG,SAPTAINDRA SEJATI,PC400LC-8R,131,7
TJG,SAPTAINDRA SEJATI,PC300-8M0,102,8
TJG,SAPTAINDRA SEJATI,HD465-7,55,9
TJG,SAPTAINDRA SEJATI,WA500-6R,48,10
TJG,SAPTAINDRA SEJATI,PC2000-11R,44,11
TJG,SAPTAINDRA SEJATI,PC200-10M0,35,12
TJG,SAPTAINDRA SEJATI,PC500LC-10R,28,13
TJG,SAPTAINDRA SEJATI,GD825A-2,26,14
TJG,SAPTAINDRA SEJATI,GD955-7R,24,15
TJG,SAPTAINDRA SEJATI,WA900-8R,22,16
TJG,SAPTAINDRA SEJATI,D155A-6R,20,17
TJG,SAPTAINDRA SEJATI,PC300-8M2,18,18
TJG,SAPTAINDRA SEJATI,PC70-8,18,18
TJG,SAPTAINDRA SEJATI,GD705-5,16,19
TJG,SAPTAINDRA SEJATI,PC195LC-8,16,19
TJG,SAPTAINDRA SEJATI,PC200-8M1,16,19
TJG,SAPTAINDRA SEJATI,D375A-6R,8,20
TJG,SAPTAINDRA SEJATI,PC350LC-8M2,8,20
TJG,SAPTAINDRA SEJATI,WA800-3,8,20
TJG,SAPTAINDRA SEJATI,HB365-1,2,21
TJG,SAPTAINDRA SEJATI,PC135F-10M0,2,21
TJG,SAPTAINDRA SEJATI,WA200-6,2,21
TJG,SAPTAINDRA SEJATI,WA380-6,2,21
TJR,MARINA BARA LESTARI,HD785-7,776,1
TJR,MARINA BARA LESTARI,PC200-8M0,242,2
TJR,MARINA BARA LESTARI,PC300-8M0,242,2
TJR,MARINA BARA LESTARI,PC210-10M0,171,3
TJR,MARINA BARA LESTARI,PC400LC-8R,159,4
TJR,MARINA BARA LESTARI,PC500LC-10R,115,5
TJR,MARINA BARA LESTARI,PC1250-11R,90,6
TJR,MARINA BARA LESTARI,HD465-7,84,7
TJR,MARINA BARA LESTARI,GD705-5,72,8
TJR,MARINA BARA LESTARI,PC200-10M0,60,9
TJR,MARINA BARA LESTARI,PC350LC-8M2,35,10
TJR,MARINA BARA LESTARI,D31EX-22,24,11
TJR,MARINA BARA LESTARI,GD535-5,18,12
TJR,MARINA BARA LESTARI,HB365-1,18,12
TJR,MARINA BARA LESTARI,PC850-8R1,16,13
TJR,MARINA BARA LESTARI,PC130F-7,15,14
TJR,MARINA BARA LESTARI,WA150-5,14,15
TJR,MARINA BARA LESTARI,PC135F-10M0,12,16
TJR,MARINA BARA LESTARI,D39PX-22,10,17
TJR,MARINA BARA LESTARI,PC2000-11R,10,17
TJR,MARINA BARA LESTARI,PC45MR-3,8,18
TJR,MARINA BARA LESTARI,WA480-6,8,18
TJR,MARINA BARA LESTARI,GD755-5R,6,19
TJR,MARINA BARA LESTARI,D155A-6R,5,20
TJR,MARINA BARA LESTARI,HM400-3R,4,21
TJR,MARINA BARA LESTARI,D31PX-22,2,22
TJR,MARINA BARA LESTARI,WA150-6,2,22
TJR,MARINA BARA LESTARI,WA500-6R,2,22
TRK,SINAR PERDANA SEJATI,HD785-7,2956,1
TRK,SINAR PERDANA SEJATI,PC210-10M0,283,2
TRK,SINAR PERDANA SEJATI,PC200-8M0,153,3
TRK,SINAR PERDANA SEJATI,PC400LC-8R,149,4
TRK,SINAR PERDANA SEJATI,PC200-10M0,121,5
TRK,SINAR PERDANA SEJATI,PC195LC-8,57,6
TRK,SINAR PERDANA SEJATI,GD955-7R,52,7
TRK,SINAR PERDANA SEJATI,HM400-3R,50,8
TRK,SINAR PERDANA SEJATI,PC135F-10M0,38,9
TRK,SINAR PERDANA SEJATI,PC300-8M0,35,10
TRK,SINAR PERDANA SEJATI,D375A-6,32,11
TRK,SINAR PERDANA SEJATI,PC200-8M1,28,12
TRK,SINAR PERDANA SEJATI,D31EX-22,24,13
TRK,SINAR PERDANA SEJATI,GD705-5,20,14
TRK,SINAR PERDANA SEJATI,GD535-5,18,15
TRK,SINAR PERDANA SEJATI,PC2000-8,14,16
TRK,SINAR PERDANA SEJATI,PC130F-7,12,17
TRK,SINAR PERDANA SEJATI,PC2000-11R,8,18
TRK,SINAR PERDANA SEJATI,PC300-8,8,18
TRK,SINAR PERDANA SEJATI,D155A-6R,6,19
TRK,SINAR PERDANA SEJATI,D375A-6R,6,19
TRK,SINAR PERDANA SEJATI,PC45MR-3,4,20
TRK,SINAR PERDANA SEJATI,WA380-6,2,21
UPG,QIRANI TRIDAYA KARYA,PC210-10M0,1554,1
UPG,QIRANI TRIDAYA KARYA,PC200-10M0,709,2
UPG,QIRANI TRIDAYA KARYA,HM400-3R,702,3
UPG,QIRANI TRIDAYA KARYA,PC300-8M0,427,4
UPG,QIRANI TRIDAYA KARYA,PC200-8M0,398,5
UPG,QIRANI TRIDAYA KARYA,PC195LC-8,161,6
UPG,QIRANI TRIDAYA KARYA,PC200-8M1,138,7
UPG,QIRANI TRIDAYA KARYA,GD535-5,78,8
UPG,QIRANI TRIDAYA KARYA,PC130F-7,50,9
UPG,QIRANI TRIDAYA KARYA,PC300-8M2,44,10
UPG,QIRANI TRIDAYA KARYA,PC400LC-8R,27,11
UPG,QIRANI TRIDAYA KARYA,GD705-5,20,12
UPG,QIRANI TRIDAYA KARYA,PC135F-10M0,20,12
UPG,QIRANI TRIDAYA KARYA,HB365-1,16,13
UPG,QIRANI TRIDAYA KARYA,PC500LC-10R,16,13
UPG,QIRANI TRIDAYA KARYA,PC1250-11R,14,14
UPG,QIRANI TRIDAYA KARYA,WA380Z-6,14,14
UPG,QIRANI TRIDAYA KARYA,D31PX-22,8,15
UPG,QIRANI TRIDAYA KARYA,D65P-12,8,15
UPG,QIRANI TRIDAYA KARYA,GD755-5R,8,15
UPG,QIRANI TRIDAYA KARYA,WA200-5,8,15
UPG,QIRANI TRIDAYA KARYA,D155A-6R,4,16
UPG,QIRANI TRIDAYA KARYA,PC300-8,2,17
UPG,QIRANI TRIDAYA KARYA,PC350LC-8M2,2,17
